{"cameraMode":{"drawMode":0,"name":"Shaded","section":"Shading Mode"},"sceneLighting":true,"audioPlay":false,"sceneViewState":{"showFog":true,"showMaterialUpdate":true,"showSkybox":true,"showFlares":true,"showImageEffects":true,"showParticleSystems":true},"in2DMode":false,"pivot":{"x":63.547210693359378,"y":12.738693237304688,"z":52.79560852050781},"rotation":{"x":0.02665901929140091,"y":-0.3489740192890167,"z":-0.010051973164081574,"w":-0.9369654059410095},"size":46.72990798950195,"orthographic":false}