{"cameraMode":{"drawMode":0,"name":"Shaded","section":"Shading Mode"},"sceneLighting":true,"audioPlay":false,"sceneViewState":{"showFog":true,"showMaterialUpdate":true,"showSkybox":true,"showFlares":true,"showImageEffects":true,"showParticleSystems":true},"in2DMode":false,"pivot":{"x":3.8985395431518556,"y":-1.7460836172103882,"z":0.35391664505004885},"rotation":{"x":-0.3388332724571228,"y":-0.06920204311609268,"z":0.02447628043591976,"w":-0.938281238079071},"size":5.531454563140869,"orthographic":false}