{"cameraMode":{"drawMode":0,"name":"Shaded","section":"Shading Mode"},"sceneLighting":true,"audioPlay":false,"sceneViewState":{"showFog":true,"showMaterialUpdate":true,"showSkybox":true,"showFlares":true,"showImageEffects":true,"showParticleSystems":true},"in2DMode":false,"pivot":{"x":-3.805396318435669,"y":0.8666228652000427,"z":-4.803675651550293},"rotation":{"x":-0.022459786385297777,"y":0.03620423376560211,"z":0.0012985008070245386,"w":0.9993605017662048},"size":1.7994993925094605,"orthographic":false}