{"cameraMode":{"drawMode":0,"name":"Shaded","section":"Shading Mode"},"sceneLighting":true,"audioPlay":false,"sceneViewState":{"showFog":true,"showMaterialUpdate":true,"showSkybox":true,"showFlares":true,"showImageEffects":true,"showParticleSystems":true},"in2DMode":false,"pivot":{"x":-39.81009292602539,"y":-11.207651138305664,"z":52.198768615722659},"rotation":{"x":-0.08349838107824326,"y":0.2777453064918518,"z":-0.024161668494343759,"w":-0.956970751285553},"size":35.883697509765628,"orthographic":false}