{"cameraMode":{"drawMode":0,"name":"Shaded","section":"Shading Mode"},"sceneLighting":true,"audioPlay":false,"sceneViewState":{"showFog":true,"showMaterialUpdate":true,"showSkybox":true,"showFlares":true,"showImageEffects":true,"showParticleSystems":true},"in2DMode":false,"pivot":{"x":0.7522377967834473,"y":0.9005885124206543,"z":-0.4205014705657959},"rotation":{"x":-0.12011156231164932,"y":0.46152329444885256,"z":-0.06406783312559128,"w":-0.8769537806510925},"size":1.8764770030975342,"orthographic":false}